"Path","Bytes"
"__pycache__\admin_access.cpython-313.pyc","20491"
"__pycache__\app-new.cpython-313.pyc","1234628"
"__pycache__\app.cpython-313.pyc","986209"
"__pycache__\auth_utils.cpython-313.pyc","1412"
"__pycache__\backup_scheduler.cpython-313.pyc","4449"
"__pycache__\backup_utils.cpython-313.pyc","29566"
"__pycache__\crm_routes.cpython-313.pyc","57969"
"__pycache__\crm_workspace.cpython-313.pyc","12433"
"__pycache__\currency_service.cpython-313.pyc","10976"
"__pycache__\customer_models.cpython-313.pyc","234484"
"__pycache__\database.cpython-313.pyc","24961"
"__pycache__\db_router.cpython-313.pyc","26159"
"__pycache__\erp_routes.cpython-313.pyc","96409"
"__pycache__\extensions.cpython-313.pyc","233"
"__pycache__\finance_checks.cpython-313.pyc","13972"
"__pycache__\finance_dashboard.cpython-313.pyc","20867"
"__pycache__\finance_notes.cpython-313.pyc","20432"
"__pycache__\finance_party_checks.cpython-313.pyc","13215"
"__pycache__\finance_payment_checks.cpython-313.pyc","13983"
"__pycache__\finance_periods.cpython-313.pyc","23004"
"__pycache__\finance_reconciliation.cpython-313.pyc","13130"
"__pycache__\finance_workspace.cpython-313.pyc","21385"
"__pycache__\gst_portal.cpython-313.pyc","28777"
"__pycache__\hr_workspace.cpython-313.pyc","216694"
"__pycache__\models.cpython-313.pyc","58716"
"__pycache__\module_access.cpython-313.pyc","12082"
"__pycache__\ocr_parser.cpython-313.pyc","64661"
"__pycache__\order_erp_routes.cpython-313.pyc","54408"
"__pycache__\permissions.cpython-313.pyc","13286"
"__pycache__\plan_catalog.cpython-313.pyc","3239"
"__pycache__\platform_bootstrap.cpython-313.pyc","2276"
"__pycache__\platform_models.cpython-313.pyc","37936"
"__pycache__\seed.cpython-313.pyc","5680"
"__pycache__\supply_chain_workspace.cpython-313.pyc","10043"
"__pycache__\tasks.cpython-313.pyc","12862"
"__pycache__\tax_service.cpython-313.pyc","8559"
"__pycache__\trial_subscriptions.cpython-313.pyc","8650"
"__pycache__\whatsapp_connector.cpython-313.pyc","9901"
"__pycache__\whatsapp_service.cpython-313.pyc","16531"
"__pycache__\whatsapp_template_registry.cpython-313.pyc","5508"
"__pycache__\whatsapp_templates.cpython-313.pyc","7553"
"__pycache__\workshop_routes.cpython-313.pyc","138047"
"bi\__pycache__\__init__.cpython-313.pyc","236"
"bi\__pycache__\builder.cpython-313.pyc","39234"
"bi\__pycache__\business_charts.cpython-313.pyc","10965"
"bi\__pycache__\business_routes.cpython-313.pyc","4324"
"bi\__pycache__\business.cpython-313.pyc","29966"
"bi\__pycache__\catalog.cpython-313.pyc","5155"
"bi\__pycache__\departments.cpython-313.pyc","23453"
"bi\__pycache__\explore.cpython-313.pyc","17516"
"bi\__pycache__\filters.cpython-313.pyc","5476"
"bi\__pycache__\metrics.cpython-313.pyc","9278"
"bi\__pycache__\predictive_routes.cpython-313.pyc","3003"
"bi\__pycache__\predictive.cpython-313.pyc","12551"
"bi\__pycache__\queries.cpython-313.pyc","10652"
"bi\__pycache__\routes.cpython-313.pyc","31151"
"bi\__pycache__\semantic.cpython-313.pyc","34592"
"bi\__pycache__\services.cpython-313.pyc","12791"
"bi\__pycache__\warehouse_routes.cpython-313.pyc","5828"
"bi\__pycache__\warehouse.cpython-313.pyc","30067"
"scratch\__pycache__\bi_builder_preview.cpython-313.pyc","5930"
"scratch\__pycache__\seed_erp_data.cpython-313.pyc","54127"
"services\__pycache__\invoice_pdf_generator.cpython-313.pyc","31059"
"services\__pycache__\invoice_pdf.cpython-313.pyc","24760"
"tests\__pycache__\test_bi_builder_adv.cpython-313.pyc","7865"
"tests\__pycache__\test_bi_business.cpython-313.pyc","22661"
"tests\__pycache__\test_bi_regressions.cpython-313.pyc","24687"
"tests\__pycache__\test_business_ledger.cpython-313.pyc","6465"
"tests\__pycache__\test_company_branches.cpython-313.pyc","11056"
"tests\__pycache__\test_country_finance.cpython-313.pyc","12542"
"tests\__pycache__\test_crm_workspace.cpython-313.pyc","11650"
"tests\__pycache__\test_database_naming.cpython-313.pyc","3424"
"tests\__pycache__\test_finance_checks.cpython-313.pyc","31061"
"tests\__pycache__\test_finance_notes.cpython-313.pyc","20657"
"tests\__pycache__\test_finance_party_checks.cpython-313.pyc","13046"
"tests\__pycache__\test_finance_payment_checks.cpython-313.pyc","12244"
"tests\__pycache__\test_finance_periods.cpython-313.pyc","22120"
"tests\__pycache__\test_finance_workspace.cpython-313.pyc","25889"
"tests\__pycache__\test_gst_portal.cpython-313.pyc","24555"
"tests\__pycache__\test_login_company_selection.cpython-313.pyc","10489"
"tests\__pycache__\test_logistics_routes.cpython-313.pyc","5976"
"tests\__pycache__\test_module_handoffs.cpython-313.pyc","24251"
"tests\__pycache__\test_platform_access.cpython-313.pyc","28304"
"tests\__pycache__\test_qiyadah_assistant.cpython-313.pyc","19112"
"tests\__pycache__\test_sales_order_invoice.cpython-313.pyc","11506"
"tests\__pycache__\test_subscription_plans.cpython-313.pyc","6779"
"tests\__pycache__\test_super_admin_auth.cpython-313.pyc","8246"
"tests\__pycache__\test_supply_chain_workspace.cpython-313.pyc","20282"
"tests\__pycache__\test_trial_subscriptions.cpython-313.pyc","14309"
"uploads\__pycache__\app.cpython-313.pyc","1234751"
"utils\__pycache__\ai_assistant.cpython-312.pyc","23087"
"utils\__pycache__\ai_assistant.cpython-313.pyc","38243"
"utils\__pycache__\alerts.cpython-312.pyc","10291"
"utils\__pycache__\alerts.cpython-313.pyc","10522"
"utils\__pycache__\assistant_catalog.cpython-313.pyc","13369"
"utils\__pycache__\intent_router.cpython-312.pyc","16297"
"utils\__pycache__\intent_router.cpython-313.pyc","36665"
"utils\__pycache__\query_engine.cpython-312.pyc","46572"
"utils\__pycache__\query_engine.cpython-313.pyc","183927"
"utils\__pycache__\reports.cpython-312.pyc","11897"
"utils\__pycache__\reports.cpython-313.pyc","11844"
"utils\__pycache__\rules_engine.cpython-312.pyc","9189"
"utils\__pycache__\rules_engine.cpython-313.pyc","9416"
"utils\__pycache__\self_learning_ai.cpython-312.pyc","19601"
"utils\__pycache__\self_learning_ai.cpython-313.pyc","17952"
"script_check.js","0"
"scratch\finance-dashboard-preview.html","144233"
"scratch\supply-chain-preview.html","108729"
"scratch\two-workspaces-preview.html","28649"
"scratch\preview_poppins11.png","24747"
